created, text
2023-07-18T16:39:16.149Z, ðŸ‘‹ Welcome to Webex! But, more importantly, welcome to where you'll do the best work ever. In Spaces, you can send messages, share files, set up meetings and even meet instantly with other people in the space. Pretty cool, right? Try sending a few practice messages, GIFs or files â€“ you can even edit, react and reply to messages. Have some fun! If youâ€™re looking for more, visit help.webex.com or join the Webex Community.
2023-07-18T16:45:31.480Z, Hi
2023-07-18T16:48:56.356Z, hugh
2023-07-18T16:49:45.243Z, hi
2023-07-18T16:49:52.239Z, jjj
2023-07-18T16:50:18.838Z, 9999
2023-07-18T16:51:08.465Z, hi
2023-07-18T16:51:59.440Z, ttt
2023-07-18T16:52:02.758Z, ttt
2023-07-18T16:52:04.546Z, ttt
2023-07-18T16:54:01.893Z, ooo
2023-07-18T17:08:00.107Z, ddd
2023-09-08T08:13:41.238Z, hello
2023-09-08T08:16:09.407Z, hi
2023-09-08T08:56:23.793Z, hello
2023-10-15T10:52:08.168Z, Meeting Share Message
2023-11-13T16:20:42.396Z, ss
2023-11-21T13:46:31.514Z, Ana : I have the PC ready to upgrade to 43.11... shall we test with the previous version first to make sure this is a regression ?
